"";"voting.group";"slope_with_covs";"slope_without_covs";"slope_with_covs_add_cntry";"slope_without_covs_add_cntry";"n.x";"observed_r";"n.y";"anti.imm";"pro.env"
"1";"AT: BZÖ";0,138974729835377;0,156155132629071;0,362606483646979;0,395580455629142;1973;0,265114693866598;10;1;0
"2";"AT: did not vote";0,0448509481269787;0,059396451576852;0,268482701938581;0,298821774576923;1973;0,0464774263541635;289;0;0
"3";"AT: Don't know";0,159723485396388;0,180388622636509;0,383355239207991;0,41981394563658;1973;0,288655931569799;38;0;0
"4";"AT: FPÖ";0,148331412968166;0,159599970610675;0,371963166779768;0,399025293610746;1973;0,265412612230296;247;1;0
"5";"AT: Grüne";0,268447496567622;0,311866471932988;0,492079250379225;0,551291794933059;1973;0,421706885532372;183;0;1
"6";"AT: NEOS";0,149469718128094;0,169905030233433;0,373101471939697;0,409330353233504;1973;0,153346415797174;36;0;0
"7";"AT: not eligible: age";0,173729781374007;0,197818368513003;0,397361535185609;0,437243691513074;1973;0,3369561302697;17;0;0
"8";"AT: not eligible: citizenship";0,196135240807033;0,232193430265773;0,419766994618636;0,471618753265843;1973;0,257845070452167;84;0;0
"9";"AT: not eligible: other";0,166956676752185;0,19942419660356;0,390588430563788;0,438849519603631;1973;0,116959431660653;9;0;0
"10";"AT: Other";0,190438423960085;0,224698665724696;0,414070177771688;0,464123988724767;1973;0,478437698842209;17;0;0
"11";"AT: Refusal";0,150610019379695;0,172298590640283;0,374241773191298;0,411723913640354;1973;0,186521940532834;201;0;0
"12";"AT: SPÖ";0,186754166991897;0,205433841703505;0,4103859208035;0,444859164703576;1973;0,220252049278735;470;0;0
"13";"AT: Team Frank Stronach";0,124000806157531;0,139422223444295;0,347632559969134;0,378847546444366;1973;0,0431280946781752;18;0;0
"14";"AT: ÖVP";0,112921424067579;0,132471481075927;0,336553177879182;0,371896804075998;1973;0,138603784860636;354;0;0
"15";"BE: CD&V";0,189556224443982;0,222178561608325;0,372840705022017;0,432415303327403;1753;0,372135128211765;163;0;0
"16";"BE: CDH";0,156534407599993;0,182296533128248;0,339818888178029;0,392533274847326;1753;0,0148542786073087;41;0;0
"17";"BE: did not vote";0,172928972675774;0,19592898797932;0,356213453253809;0,406165729698397;1753;0,253892362790136;118;0;0
"18";"BE: Don't know";0,112560216737522;0,131755301495785;0,295844697315557;0,341992043214863;1753;0,0392679778092045;69;0;0
"19";"BE: Ecolo";0,175805473125317;0,208211846271457;0,359089953703352;0,418448587990535;1753;0,183819110157287;60;0;1
"20";"BE: Groen!";0,148770039062364;0,176278938811801;0,3320545196404;0,386515680530878;1753;0,0745627134483862;78;0;1
"21";"BE: MR";0,177973601383596;0,200945596595333;0,361258081961631;0,41118233831441;1753;0,223743627623029;129;0;0
"22";"BE: N-VA";0,0372292161507476;0,0480530905816852;0,220513696728783;0,258289832300763;1753;0,000892633923473589;259;1;0
"23";"BE: not eligible: age";0,181298010583147;0,198424153144985;0,364582491161182;0,408660894864063;1753;0,214759578108004;159;0;0
"24";"BE: not eligible: citizenship";0,168217949874583;0,210743922216464;0,351502430452618;0,420980663935542;1753;0,150997464127465;85;0;0
"25";"BE: not eligible: other";0,168301599846758;0,198499739562137;0,351586080424793;0,408736481281214;1753;-0,155734084479972;9;0;0
"26";"BE: Open VLD";0,0944875415300683;0,113367232196671;0,277772022108103;0,323603973915749;1753;0,0600733662060242;105;0;0
"27";"BE: Other";0,175505545320067;0,199467942765875;0,358790025898103;0,409704684484953;1753;0,424789621214953;57;0;0
"28";"BE: Parti Populaire";0,13128624856699;0,151356772521156;0,314570729145025;0,361593514240234;1753;-0,292352673102343;5;1;0
"29";"BE: PS";0,175069796407345;0,200753748306639;0,35835427698538;0,410990490025717;1753;0,16022686279075;176;0;0
"30";"BE: PTB";0,17142848014678;0,203752968041185;0,354712960724815;0,413989709760263;1753;0,147722175870455;28;0;0
"31";"BE: PVDA+";0,19686471416521;0,226779945637877;0,380149194743246;0,437016687356954;1753;0,70479915972985;18;0;0
"32";"BE: Refusal";0,143850217851746;0,159017497164356;0,327134698429781;0,369254238883434;1753;0,211414410576068;50;0;0
"33";"BE: SP.A";0,19484190539;0,220745252866019;0,378126385968035;0,430981994585097;1753;0,36497172668281;114;0;0
"34";"BE: Vlaams Belang";0,111940895934601;0,112101890808384;0,295225376512636;0,322338632527461;1753;0,294563337804499;30;1;0
"35";"CH: Blank";0,142918751025961;0,158517139122665;0,321617366555281;0,355718151177806;1503;0,434504437104899;13;0;0
"36";"CH: Christian Democratic Party";0,166658264667058;0,186177020210845;0,345356880196378;0,383378032265986;1503;0,260013043452349;116;0;0
"37";"CH: Conservative Democratic Party";0,140043698903323;0,15888478336185;0,318742314432643;0,356085795416991;1503;0,106530266026193;25;0;0
"38";"CH: did not vote";0,119463418853801;0,138829721091299;0,298162034383121;0,33603073314644;1503;0,132090533529872;365;0;0
"39";"CH: Don't know";0,179629792249032;0,206109785216381;0,358328407778352;0,403310797271523;1503;0,425881050072711;69;0;0
"40";"CH: Evangelical People's Party";0,172132706856392;0,200047906001787;0,350831322385712;0,397248918056929;1503;0,0683785659951357;13;0;0
"41";"CH: FDP. The Liberals";0,133496207417459;0,151859955486272;0,312194822946779;0,349060967541413;1503;0,153844427426991;140;0;0
"42";"CH: Federal Democratic Union";0,163330446202106;0,187519966105645;0,342029061731426;0,384720978160787;1503;0,597779333633003;4;1;0
"43";"CH: Green Liberal Party";0,132500041464992;0,166416967776597;0,311198656994312;0,363617979831738;1503;-0,0417643735365473;43;0;0
"44";"CH: Green Party";0,167144418184162;0,203236812156733;0,345843033713482;0,400437824211874;1503;0,0735490328908191;65;0;1
"45";"CH: not eligible: age";0,136984388572135;0,160456907852756;0,315683004101455;0,357657919907897;1503;0,0851582452466721;67;0;0
"46";"CH: not eligible: citizenship";0,171972896858459;0,196193853489636;0,350671512387779;0,393394865544778;1503;0,245600365775429;221;0;0
"47";"CH: not eligible: other";0,145895472080948;0,168476028766503;0,324594087610267;0,365677040821644;1503;-0,478027104097868;7;0;0
"48";"CH: Other";0,198342772897852;0,227128570662633;0,377041388427172;0,424329582717774;1503;0,310849106038338;57;0;0
"49";"CH: Refusal";0,132256054286202;0,147847010825147;0,310954669815522;0,345048022880288;1503;-0,0273941189921722;18;0;0
"50";"CH: Social Democratic Party";0,197614267825371;0,233157815240466;0,376312883354691;0,430358827295607;1503;0,332825031105958;130;0;1
"51";"CH: Swiss People's Party";0,115607760258074;0,120723661814906;0,294306375787394;0,317924673870047;1503;0,185326598171027;148;1;0
"52";"CH: Ticino League";0,156383138856585;0,179550144558033;0,335081754385905;0,376751156613174;1503;NA;2;1;0
"53";"CZ: ANO 2011";0,142477055073158;0,164478066230063;0,288091110384631;0,317911263596821;2156;0,168629597187615;302;0;0
"54";"CZ: CSSD";0,0987903019776758;0,117236754088686;0,244404357289148;0,270669951455444;2156;0,0780533658719861;296;0;0
"55";"CZ: did not vote";0,139200283055502;0,160233866315739;0,284814338366974;0,313667063682497;2156;0,168670377395236;839;0;0
"56";"CZ: Don't know";0,110602125153142;0,129681847969733;0,256216180464614;0,28311504533649;2156;-0,34076589558543;19;0;0
"57";"CZ: KDU-CSL";0,171292425903021;0,19905149090651;0,316906481214493;0,352484688273267;2156;0,286724547198796;72;0;0
"58";"CZ: KSCM";0,140492397180686;0,153355769452605;0,286106452492158;0,306788966819363;2156;0,151016592209659;108;0;0
"59";"CZ: not eligible: age";0,209124849016016;0,233866915261942;0,354738904327488;0,3873001126287;2156;0,312412567541901;143;0;0
"60";"CZ: not eligible: citizenship";0,173498559193652;0,199954403516112;0,319112614505125;0,35338760088287;2156;-0,0260219092621354;5;0;0
"61";"CZ: not eligible: other";0,15685946889769;0,182985536364781;0,302473524209162;0,336418733731539;2156;0,323001347632184;11;0;0
"62";"CZ: ODS";0,160721508875819;0,176842598633672;0,306335564187292;0,33027579600043;2156;0,211653717656637;102;1;0
"63";"CZ: Other";0,170847897573612;0,197449064945206;0,316461952885085;0,350882262311963;2156;0,3705393422425;41;0;0
"64";"CZ: Refusal";0,153903028643679;0,179175080532298;0,299517083955152;0,332608277899056;2156;0,267462895036932;45;0;0
"65";"CZ: TOP 09";0,150344311473752;0,169973740002597;0,295958366785225;0,323406937369355;2156;0,149315963702606;135;0;0
"66";"CZ: Usvit";0,158165548516014;0,185880460815803;0,303779603827486;0,339313658182561;2156;0,323208246015583;38;1;0
"67";"DE: AfD";0,0857613867590639;0,0940378499277972;0,306034277348054;0,332712819460837;2819;0,0888159071140301;58;1;0
"68";"DE: Bündnis 90/ Die Grünen";0,143555497969144;0,180335864456653;0,363828388558134;0,419010833989692;2819;0,15502648497352;240;0;1
"69";"DE: CDU/CSU";0,131967220302679;0,148232813895837;0,352240110891669;0,386907783428877;2819;0,224439069140697;689;0;0
"70";"DE: did not vote";0,103421161472943;0,12432904429424;0,323694052061933;0,36300401382728;2819;0,154047600809097;374;0;0
"71";"DE: Die Linke";0,262405865836961;0,291557892475482;0,482678756425951;0,530232862008522;2819;0,431553728294023;193;0;0
"72";"DE: Don't know";0,159041919406749;0,185932771384676;0,379314809995739;0,424607740917716;2819;0,267504447641718;129;0;0
"73";"DE: FDP";0,160474903011047;0,18418803742099;0,380747793600037;0,422863006954029;2819;0,270881431207378;110;0;0
"74";"DE: not eligible: age";0,185493336742091;0,206923064644688;0,405766227331081;0,445598034177728;2819;0,225878753179341;220;0;0
"75";"DE: not eligible: citizenship";0,104984049926819;0,131938660461805;0,325256940515808;0,370613629994844;2819;0,0658034029200502;114;0;0
"76";"DE: not eligible: other";0,163116519894836;0,192960387305983;0,383389410483826;0,431635356839023;2819;0,244989471753056;11;0;0
"77";"DE: NPD";0,136134463051948;0,149181333307725;0,356407353640938;0,387856302840765;2819;0,419180398253415;10;1;0
"78";"DE: Other";0,17549488845175;0,201983451984524;0,39576777904074;0,440658421517564;2819;0,492916833229372;24;0;0
"79";"DE: Piratenpartei";0,167395113346353;0,187258506695322;0,387668003935343;0,425933476228361;2819;0,410582354578123;20;0;0
"80";"DE: Refusal";0,238020894830395;0,264956858766606;0,458293785419385;0,503631828299645;2819;0,446017890714689;121;0;0
"81";"DE: SPD";0,142318955548417;0,170287236379182;0,362591846137407;0,408962205912222;2819;0,204893296264028;506;0;0
"82";"EE: did not vote";0,0841007440057903;0,102581217004501;0,123249063074106;0,157718523188868;1974;-0,0652742604594201;477;0;0
"83";"EE: Don't know";0,100472940496863;0,110524297418263;0,139621259565179;0,165661603602629;1974;-0,320708822707981;53;0;0
"84";"EE: Eesti Keskerakond";0,16801360466;0,184850362475345;0,207161923728315;0,239987668659711;1974;0,0685482790417766;277;0;0
"85";"EE: Eesti Konservatiivne Rahvaerakond";0,146530727256172;0,162461122240221;0,185679046324488;0,217598428424587;1974;0,161782816838495;70;1;0
"86";"EE: Eesti Reformierakond";0,147593797575986;0,174502757983198;0,186742116644302;0,229640064167564;1974;0,0553344839207129;352;0;0
"87";"EE: Eesti Vabaerakond";0,151997824976523;0,176315848700701;0,191146144044839;0,231453154885067;1974;0,0649428846110503;86;0;0
"88";"EE: Erakond Eestimaa Rohelised";0,17762456477131;0,207120745313143;0,216772883839626;0,262258051497509;1974;0,522985090828161;12;0;1
"89";"EE: Erakond Isamaa ja Res Publica Liit";0,153013848021403;0,177304488487916;0,192162167089719;0,232441794672282;1974;0,077935222381523;134;0;0
"90";"EE: not eligible: age";0,188819552041974;0,213718469158149;0,22796787111029;0,268855775342515;1974;0,128521718742889;70;0;0
"91";"EE: not eligible: citizenship";0,108455574936302;0,129359476749113;0,147603894004618;0,184496782933479;1974;-0,0678104843519241;191;0;0
"92";"EE: not eligible: other";0,121484527260068;0,138555950262815;0,160632846328384;0,193693256447181;1974;-0,536457286289051;7;0;0
"93";"EE: Other";0,152714235433689;0,166474112338469;0,191862554502005;0,221611418522835;1974;0,136921576108536;35;0;0
"94";"EE: Refusal";0,152573172587718;0,178451811151492;0,191721491656033;0,233589117335858;1974;0,140824440817241;21;0;0
"95";"EE: Sotsiaaldemokraatlik Erakond";0,17479378802528;0,215402593605475;0,213942107093596;0,270539899789841;1974;0,138950985514212;189;0;0
"96";"ES: Blank";0,123105253861579;0,138265894217774;0,255476628071759;0,299330596167191;1817;-0,0684650074800213;27;0;0
"97";"ES: CC-PCC (Coalición Canaria)";0,14710806907285;0,169102595529451;0,279479443283031;0,330167297478868;1817;0,208211120203364;9;0;0
"98";"ES: CDC-PdeCAT";0,133832675544762;0,158960490328984;0,266204049754943;0,320025192278401;1817;-0,058117079016574;20;0;0
"99";"ES: Ciudadanos";0,157531073560421;0,180624028797132;0,289902447770602;0,341688730746549;1817;0,193156429850393;175;0;0
"100";"ES: Compromís-Podemos-EUPV";0,166994056029629;0,193221801615416;0,29936543023981;0,354286503564833;1817;0,0541917949801691;25;0;0
"101";"ES: did not vote";0,099788779450333;0,127719631636618;0,232160153660514;0,288784333586035;1817;0,0768831797604918;236;0;0
"102";"ES: Don't know";0,143569755479751;0,158267772018618;0,275941129689932;0,319332473968035;1817;-0,00971244156087522;31;0;0
"103";"ES: EAJ-PNV";0,148769049149783;0,182022575520581;0,281140423359964;0,343087277469998;1817;0,168266321861227;14;0;0
"104";"ES: En Comú Podem";0,162576718554496;0,185215544065195;0,294948092764677;0,346280246014613;1817;0,223707931439352;14;0;0
"105";"ES: Esquerra Republicana de Catalunya - ERC";0,16415686295911;0,191714709504421;0,29652823716929;0,352779411453838;1817;0,160393601204717;39;0;0
"106";"ES: Invalid vote";0,137007575948762;0,153438406778917;0,269378950158943;0,314503108728334;1817;-0,0730821432785569;15;0;0
"107";"ES: not eligible: age";0,170410993028607;0,197132743558293;0,302782367238788;0,35819744550771;1817;0,274665950632337;58;0;0
"108";"ES: not eligible: citizenship";0,073768049424068;0,0889965220214189;0,206139423634249;0,250061223970836;1817;-0,135927602720597;103;0;0
"109";"ES: not eligible: other";0,173025884932536;0,207704677446126;0,305397259142717;0,368769379395544;1817;0,213067038066643;16;0;0
"110";"ES: Other";0,2214454760403;0,257353807994653;0,35381685025048;0,418418509944071;1817;0,545394028394298;41;0;0
"111";"ES: Partido Popular - PP";0,0916199799901971;0,102450664035759;0,223991354200378;0,263515365985176;1817;0,0654738299222632;351;1;0
"112";"ES: Partido Socialista Obrero Español - PSOE";0,142754099461909;0,164147678163821;0,27512547367209;0,325212380113238;1817;0,17963962079114;275;0;0
"113";"ES: Refusal";0,177205729267862;0,198227038997177;0,309577103478043;0,359291740946594;1817;0,239499199404981;174;0;0
"114";"ES: Unidos Podemos";0,23825224375479;0,261968751341645;0,370623617964971;0,423033453291062;1817;0,331077304859093;194;0;0
"115";"FI: Christian Democrats";0,138075626919409;0,165632366422412;0,364790758939642;0,423785458072799;1862;0,131407123843553;51;0;0
"116";"FI: did not vote";0,157208016503816;0,185129397005631;0,383923148524049;0,443282488656018;1862;0,258949093302023;297;0;0
"117";"FI: Don't know";0,159864617381872;0,184479137889148;0,386579749402105;0,442632229539535;1862;0,340794139960934;76;0;0
"118";"FI: Green League";0,192080725375468;0,228042735308227;0,418795857395701;0,486195826958614;1862;0,342076663921747;165;0;1
"119";"FI: Left Alliance";0,226077552487764;0,265424830466018;0,452792684507997;0,523577922116405;1862;0,511744020236771;69;0;0
"120";"FI: not eligible: age";0,176782995264987;0,197148064070326;0,40349812728522;0,455301155720713;1862;0,305038446399938;96;0;0
"121";"FI: not eligible: citizenship";0,161920438410914;0,188589375764864;0,388635570431147;0,446742467415251;1862;0,578575118475532;10;0;0
"122";"FI: not eligible: other";0,168885217857772;0,197719827396152;0,395600349878005;0,455872919046539;1862;0,361521592773026;5;0;0
"123";"FI: Other";0,162564654574415;0,186156978013206;0,389279786594647;0,444310069663593;1862;0,451235027863882;18;0;0
"124";"FI: Refusal";0,15334299566487;0,17055604254611;0,380058127685103;0,428709134196497;1862;0,229026920113097;69;0;0
"125";"FI: Social Democratic Party";0,154213055508682;0,173863489563443;0,380928187528915;0,43201658121383;1862;0,220143525945748;190;0;0
"126";"FI: The Centre Party";0,120048471819937;0,140108116553708;0,34676360384017;0,398261208204095;1862;0,179560115966047;286;0;0
"127";"FI: The National Coalition Party";0,128307689394844;0,145197062356931;0,355022821415077;0,403350154007318;1862;0,227420001789951;276;0;0
"128";"FI: The Swedish People's Party (SPP)";0,165519903319454;0,195114013997044;0,392235035339687;0,453267105647431;1862;0,40193739855525;65;0;0
"129";"FI: True Finns";0,0965207565752891;0,105239397295903;0,323235888595522;0,36339248894629;1862;0,168819913964458;189;1;0
"130";"FR: Autres mouvements écologistes";0,130533166051744;0,160982804879612;0,354685714333113;0,403099486255347;2015;-0,376874718058647;20;0;1
"131";"FR: Blank";0,129497032319534;0,151451777854483;0,353649580600903;0,393568459230218;2015;0,0666036559750175;27;0;0
"132";"FR: did not vote";0,213740907724991;0,241518011321313;0,43789345600636;0,483634692697047;2015;0,296879818316415;598;0;0
"133";"FR: Don't know";0,157887847860329;0,172912044078595;0,382040396141698;0,41502872545433;2015;0,198820946063921;71;0;0
"134";"FR: EELV (Europe Ecologie Les Verts)";0,17329673158624;0,207947299715811;0,397449279867609;0,450063981091545;2015;0,206351964692619;60;0;1
"135";"FR: FDG (Front de Gauche)";0,172693228249709;0,206184283919551;0,396845776531078;0,448300965295286;2015;0,202888949640794;40;0;0
"136";"FR: FN (Front National)";0,119000267314267;0,128412474390768;0,343152815595636;0,370529155766503;2015;0,244535464943556;121;1;0
"137";"FR: MODEM (Mouvement Démocrate)";0,16264348060507;0,194608977873933;0,386796028886439;0,436725659249668;2015;0,148942117701396;27;0;0
"138";"FR: MPF (Mouvement pour la France)";0,131944552582681;0,145927361513041;0,35609710086405;0,388044042888776;2015;0,199537691341654;20;1;0
"139";"FR: not eligible: age";0,187596069397783;0,216000518895478;0,411748617679151;0,458117200271213;2015;0,258507676704868;126;0;0
"140";"FR: not eligible: citizenship";0,192612376750483;0,220857503751147;0,416764925031852;0,462974185126882;2015;0,319060686109168;63;0;0
"141";"FR: not eligible: other";0,14751365399186;0,168191596275423;0,371666202273229;0,410308277651157;2015;0,20679430428865;57;0;0
"142";"FR: Nouveau Centre";0,120545172603458;0,12620079116139;0,344697720884827;0,368317472537124;2015;-0,127828252906939;15;0;0
"143";"FR: Other";0,182203001347189;0,209336133140701;0,406355549628558;0,451452814516436;2015;0,415923900247476;31;0;0
"144";"FR: Parti Radical de Gauche";0,158387261915918;0,182094226227829;0,382539810197287;0,424210907603564;2015;0,153137887772345;21;0;0
"145";"FR: PR (Parti Radical Valoisien)";0,160543624989328;0,18383188512659;0,384696173270697;0,425948566502324;2015;0,973328526784575;4;0;0
"146";"FR: PS (Parti Socialiste)";0,169826781308162;0,205464854776796;0,393979329589531;0,44758153615253;2015;0,227988484489571;345;0;0
"147";"FR: Refusal";0,149801713548667;0,166521671360669;0,373954261830036;0,408638352736404;2015;0,255323355160711;68;0;0
"148";"FR: UMP (Union pour un Mouvement Populaire)";0,109686043977187;0,127453203942125;0,333838592258555;0,36956988531786;2015;0,138979785729848;301;1;0
"149";"GB: Conservative";0,162061869468638;0,184561705406175;0,352256307442416;0,3988585914751;1876;0,257964883832361;491;1;0
"150";"GB: Democratic Unionist Party (nir)";0,14046478323335;0,159597031208241;0,330659221207129;0,373893917277166;1876;0,264442942673972;7;1;0
"151";"GB: did not vote";0,122286295891884;0,135326604570975;0,312480733865663;0,3496234906399;1876;0,16834812269953;406;0;0
"152";"GB: Don't know";0,13241193371213;0,151438052378317;0,322606371685909;0,365734938447242;1876;-0,0393163833243241;24;0;0
"153";"GB: Green Party";0,186269182768374;0,221882709355004;0,376463620742152;0,436179595423929;1876;0,291175415516022;38;0;1
"154";"GB: Labour";0,159677952065949;0,189495139786055;0,349872390039728;0,403792025854979;1876;0,243700961529894;427;0;0
"155";"GB: Liberal Democrat";0,204714534643635;0,235733945318886;0,394908972617414;0,450030831387811;1876;0,415290034538525;111;0;0
"156";"GB: not eligible: age";0,148106161173242;0,173367848583494;0,338300599147021;0,387664734652419;1876;0,0995140927579099;55;0;0
"157";"GB: not eligible: citizenship";0,181270260927111;0,206662193881804;0,371464698900889;0,420959079950729;1876;0,436751296116137;36;0;0
"158";"GB: not eligible: other";0,129176460155097;0,146515117609922;0,319370898128876;0,360812003678847;1876;-0,519977756259035;7;0;0
"159";"GB: Other";0,147362525384369;0,179411199655245;0,337556963358147;0,393708085724169;1876;0,136626171579902;40;0;0
"160";"GB: Plaid Cymru";0,188904888473296;0,217981377176423;0,379099326447074;0,432278263245348;1876;0,753555777234464;13;0;0
"161";"GB: Refusal";0,166018899919959;0,197337044762069;0,356213337893738;0,411633930830994;1876;0,384421617592582;63;0;0
"162";"GB: Scottish National Party";0,187092252917856;0,207673620771855;0,377286690891635;0,42197050684078;1876;0,390818881747003;52;0;0
"163";"GB: UK Independence Party";0,0707497353993102;0,0749752522827085;0,260944173373089;0,289272138351633;1876;-0,00715676514761223;106;1;0
"164";"HU: did not vote";0,16772676396523;0,191108441512185;0,272384066594581;0,312461478561604;1391;0,102058844655162;328;0;0
"165";"HU: Don't know";0,147708032755727;0,173840022622065;0,252365335385078;0,295193059671484;1391;0,0108253175473054;22;0;0
"166";"HU: Fidesz - KDNP (Fidesz – Magyar Polgári Szövetség Keresztényd)";0,242254499158783;0,258278443101523;0,346911801788134;0,379631480150942;1391;0,199343901787292;518;1;0
"167";"HU: Jobbik (Jobbik Magyarországért Mozgalom)";0,126364183227547;0,140297709548795;0,231021485856898;0,261650746598214;1391;0,0530010010986119;88;1;0
"168";"HU: LMP (Lehet Más A Politika)";0,164072407156536;0,192120350280517;0,268729709785887;0,313473387329936;1391;0,00284090909090921;18;0;1
"169";"HU: MSZP-Együtt-DK-PM-MLP (Kormányváltók)";0,0898965224715225;0,11093477608047;0,194553825100873;0,232287813129889;1391;-0,0994864007540682;151;0;0
"170";"HU: not eligible: age";0,157290008398226;0,188123250486124;0,261947311027577;0,309476287535542;1391;0,106671568585955;53;0;0
"171";"HU: not eligible: citizenship";0,142474599181718;0,162259826491508;0,247131901811069;0,283612863540926;1391;NA;1;0;0
"172";"HU: not eligible: other";0,152769173451807;0,177798077194167;0,257426476081157;0,299151114243586;1391;0,143537755894138;31;0;0
"173";"HU: Other";0,152471280934118;0,170986122712973;0,257128583563469;0,292339159762392;1391;0,211702449609985;8;0;0
"174";"HU: Refusal";0,0967508313180808;0,12456554396902;0,201408133947432;0,245918581018439;1391;-0,000730632063342516;173;0;0
"175";"IE: Anti-Austerity Alliance - People Before Profit";0,145979257498294;0,171006536132836;0,296501397908998;0,349151963755565;2676;-0,137763450414701;15;0;0
"176";"IE: did not vote";0,145648877972075;0,163418844866463;0,296171018382779;0,341564272489192;2676;0,186944754423276;585;0;0
"177";"IE: Don't know";0,185365663306503;0,207663353446876;0,335887803717206;0,385808781069605;2676;0,417254800309587;47;0;0
"178";"IE: Fianna Fáil";0,108644724218146;0,126408613229977;0,259166864628849;0,304554040852706;2676;0,136343480640507;483;0;0
"179";"IE: Fine Gael";0,13079072544759;0,165484697749727;0,281312865858294;0,343630125372456;2676;0,199151015741307;591;0;0
"180";"IE: Green Party";0,16283154245643;0,19462566261563;0,313353682867133;0,372771090238359;2676;0,182197528158786;26;0;1
"181";"IE: Labour";0,201595428013197;0,225555312930525;0,3521175684239;0,403700740553254;2676;0,379401338139041;90;0;0
"182";"IE: not eligible: age";0,139181377727898;0,16047021361562;0,289703518138601;0,338615641238349;2676;0,0790932026499258;33;0;0
"183";"IE: not eligible: citizenship";0,118375281907377;0,14403420504752;0,268897422318081;0,322179632670249;2676;0,0608984066214698;117;0;0
"184";"IE: not eligible: other";0,161109648694347;0,184472050403503;0,31163178910505;0,362617478026232;2676;0,177344472955707;50;0;0
"185";"IE: Other";0,153330559132046;0,175452913965136;0,303852699542749;0,353598341587865;2676;0,196986737928447;350;0;0
"186";"IE: Refusal";0,159532878721163;0,185408198706533;0,310055019131866;0,363553626329262;2676;0,311771150844303;86;0;0
"187";"IE: Sinn Féin";0,167218956340703;0,182118498961311;0,317741096751406;0,36026392658404;2676;0,221537325834396;203;0;0
"188";"IT: did not vote";0,130203440122707;0,157288364608686;0,279178965634978;0,325428266464933;2317;0,146134887305449;553;0;0
"189";"IT: Don't know";0,123917571110115;0,145602102904263;0,272893096622385;0,313742004760511;2317;0,115057691004283;139;0;0
"190";"IT: Fratelli d'Italia";0,129720930344674;0,147293555490015;0,278696455856944;0,315433457346263;2317;0,169573085042626;29;1;0
"191";"IT: La destra";0,111335692966365;0,124441551979212;0,260311218478635;0,292581453835459;2317;0,003146032452188;42;0;0
"192";"IT: Lega Nord";0,057698943595204;0,0651957882513729;0,206674469107474;0,23333569010762;2317;-0,195673814437774;76;1;0
"193";"IT: Movimento 5 Stelle";0,145870849178081;0,167471122230492;0,294846374690351;0,335611024086739;2317;0,175495251132046;229;0;1
"194";"IT: not eligible: age";0,180107829648206;0,209600160095588;0,329083355160476;0,377740061951836;2317;0,245181149057855;154;0;0
"195";"IT: not eligible: citizenship";0,17269181488972;0,196682323750074;0,32166734040199;0,364822225606321;2317;0,0566723639470248;57;0;0
"196";"IT: not eligible: other";0,136457645051008;0,156588748466568;0,285433170563278;0,324728650322815;2317;-0,241941062435758;15;0;0
"197";"IT: Other";0,201960285629315;0,230610960365041;0,350935811141585;0,398750862221289;2317;0,471405471031633;31;0;0
"198";"IT: Partido Democratico (PD)";0,20210669556117;0,227100832281587;0,35108222107344;0,395240734137834;2317;0,268192604897006;334;0;0
"199";"IT: Popolo delle Libertà (PdL)";0,17388167023151;0,195170388583574;0,32285719574378;0,363310290439821;2317;0,313304131932879;109;1;0
"200";"IT: Refusal";0,117572636650309;0,138530713303146;0,266548162162579;0,306670615159394;2317;0,125886062894522;504;0;0
"201";"IT: Rivoluzione Civile (Ingroia)";0,179262098498241;0,209415778475513;0,328237624010511;0,377555680331761;2317;0,862554346113913;4;0;1
"202";"IT: Scelta Civica (con Monti)";0,160035454160859;0,181912879558053;0,309010979673129;0,350052781414301;2317;0,691023319080643;5;0;0
"203";"IT: Sinistra Ecologia e Libertà (SEL)";0,196384439536663;0,237115686610328;0,345359965048933;0,405255588466575;2317;0,42765519056554;27;0;1
"204";"IT: UDC";0,172712154598054;0,195611534831314;0,321687680110324;0,363751436687561;2317;0,684247217346161;9;0;0
"205";"LT: did not vote";0,153540959626037;0,169858151782787;0,206864705529278;0,245517722419611;1927;0,0869216125541112;777;0;0
"206";"LT: Don't know";0,154776056117927;0,180241308807716;0,208099802021168;0,255900879444539;1927;0,166248188714187;28;0;0
"207";"LT: Electoral Action of Poles in Lithuania-Christian Families Alliance (LLRA-KSS)";0,153248757788107;0,172703008589809;0,206572503691348;0,248362579226633;1927;0,132007763422146;64;0;0
"208";"LT: Homeland Union - Lithuanian Christian Democrats (TS-LKD)";0,137379148399904;0,172665821464437;0,190702894303145;0,24832539210126;1927;0,0805851776148461;175;0;0
"209";"LT: Labour Party (DP)";0,0995374766374769;0,118874329608416;0,152861222540718;0,19453390024524;1927;-0,262538475155882;44;0;0
"210";"LT: Liberals' Movement of the Republic of Lithuania (LRLS)";0,140041508792885;0,161928922711405;0,193365254696126;0,237588493348229;1927;0,00406906211447673;57;0;0
"211";"LT: Lithuanian Greens Party (LZP)";0,152318976268833;0,177874060192658;0,205642722172074;0,253533630829482;1927;0,166506566293603;9;0;1
"212";"LT: Lithuanian Peasant and Greens Union (LVZS)";0,150209136620464;0,169512214875383;0,203532882523705;0,245171785512206;1927;0,0921142965892982;266;0;1
"213";"LT: Lithuanian Social Democratic Party (LSDP)";0,143221417327615;0,156819732925476;0,196545163230856;0,2324793035623;1927;0,0542708388309176;181;0;0
"214";"LT: not eligible: age";0,184327019644101;0,206702061289237;0,237650765547342;0,282361631926061;1927;0,170270381112323;108;0;0
"215";"LT: not eligible: citizenship";0,156830042093186;0,180294199630315;0,210153787996427;0,255953770267138;1927;0,552770798392567;5;0;0
"216";"LT: not eligible: other";0,172999052138159;0,200951811760348;0,2263227980414;0,276611382397172;1927;0,970725343394151;3;0;0
"217";"LT: Other";0,113747280093128;0,136135834182904;0,167071025996369;0,211795404819728;1927;-0,299328918689372;61;0;0
"218";"LT: Party Order and Justice (TT)";0,0891930135605745;0,108859164070012;0,142516759463815;0,184518734706835;1927;-0,226482247508867;71;0;0
"219";"LT: Political Party 'The Way of Courage' (DK)";0,173690666700518;0,205019800582455;0,227014412603759;0,280679371219279;1927;NA;2;0;0
"220";"LT: Refusal";0,167076454886294;0,18499807668391;0,220400200789535;0,260657647320733;1927;0,182441061892546;76;0;0
"221";"NL: 50PLUS";0,15035567846826;0,166574112246765;0,26631716689763;0,305982743572343;1661;0,623718788535556;14;0;0
"222";"NL: Christian Democratic Appeal";0,148311476342171;0,167544714128767;0,264272964771541;0,306953345454345;1661;0,12861671563675;146;0;0
"223";"NL: Christian Union";0,166425847475251;0,196755900219984;0,282387335904621;0,336164531545562;1661;0,181070928471036;36;0;0
"224";"NL: Democrats 66";0,150404966869587;0,183953650984842;0,266366455298957;0,32336228231042;1661;0,145369145481338;163;0;0
"225";"NL: did not vote";0,136533676726789;0,160499221518332;0,252495165156158;0,29990785284391;1661;0,151139500050089;292;0;0
"226";"NL: Don't know";0,13603223517459;0,159303242553842;0,25199372360396;0,29871187387942;1661;0,103898491237483;59;0;0
"227";"NL: Green Left";0,174339143362749;0,206554945960714;0,290300631792119;0,345963577286292;1661;0,243676467316941;62;0;1
"228";"NL: Labour Party";0,169406796515699;0,205604902995951;0,285368284945069;0,345013534321529;1661;0,210569412003141;217;0;0
"229";"NL: No answer";0,13661807635548;0,155081290299765;0,25257956478485;0,294489921625342;1661;-0,115005292494962;12;0;0
"230";"NL: not eligible: age";0,203560240139778;0,226708252545722;0,319521728569148;0,366116883871299;1661;0,383042319706669;95;0;0
"231";"NL: not eligible: citizenship";0,182570604328277;0,214996952014127;0,298532092757647;0,354405583339705;1661;0,409973131679379;18;0;0
"232";"NL: not eligible: other";0,144919700486945;0,165918384163947;0,260881188916315;0,305327015489525;1661;-0,767383415906547;5;0;0
"233";"NL: Other";0,148364584099316;0,166906735216463;0,264326072528686;0,306315366542041;1661;0,114013622691663;7;0;0
"234";"NL: Party for Freedom";0,0903609936010661;0,0968844619040162;0,206322482030436;0,236293093229594;1661;-0,00660462053827048;100;1;0
"235";"NL: Party for the Animals";0,163826776248056;0,18492618932318;0,279788264677426;0,324334820648758;1661;0,275536264863262;33;0;1
"236";"NL: People's Party for Freedom and Democracy";0,115068995316158;0,138176465428123;0,231030483745528;0,277585096753701;1661;0,100201743321694;270;0;0
"237";"NL: Reformed Political Party";0,129358315811938;0,149755643910005;0,245319804241308;0,289164275235583;1661;0,0929222457147085;22;1;0
"238";"NL: Refusal";0,151375684697374;0,171430290946237;0,267337173126743;0,310838922271815;1661;-0,143264839179288;11;0;0
"239";"NL: Socialist Party";0,16745390184144;0,189620735067283;0,28341539027081;0,329029366392861;1661;0,171957730741734;99;0;0
"240";"NO: Centre Party (SP)";0,164665508532142;0,177674927719227;0,370547777282889;0,420644887692802;1538;0,34780239872366;59;0;0
"241";"NO: Christian Democratic Party (KRF)";0,158268366659486;0,194932789471717;0,364150635410233;0,437902749445293;1538;0,24149433895113;55;0;0
"242";"NO: Conservative Party (H)";0,109837891168366;0,122940032180495;0,315720159919113;0,365909992154071;1538;0,195810345023903;347;0;0
"243";"NO: did not vote";0,148526745179268;0,166415829775296;0,354409013930015;0,409385789748872;1538;0,238901974639464;165;0;0
"244";"NO: Don't know";0,147271637941989;0,172401163790337;0,353153906692736;0,415371123763913;1538;0,386196171271824;22;0;0
"245";"NO: Green Party (MDG)";0,169371333782943;0,205564203988266;0,37525360253369;0,448534163961842;1538;0,124344103380711;34;0;1
"246";"NO: Labour Party (A)";0,153075747215397;0,185074948334498;0,358958015966144;0,428044908308074;1538;0,272349906042135;395;0;0
"247";"NO: Liberal Party (V)";0,116026302297095;0,150301120082508;0,321908571047842;0,393271080056084;1538;0,0136381415447995;51;0;1
"248";"NO: not eligible: age";0,163594463740018;0,179366603415148;0,369476732490765;0,422336563388724;1538;0,291378474307882;111;0;0
"249";"NO: not eligible: citizenship";0,15766457832566;0,183566997343351;0,363546847076406;0,426536957316927;1538;0,329216646680897;59;0;0
"250";"NO: not eligible: other";0,170134039953062;0,192986679311848;0,376016308703808;0,435956639285424;1538;0,804621907092928;6;0;0
"251";"NO: Other";0,183081696632104;0,213518671288351;0,38896396538285;0,456488631261927;1538;0,60535100938715;25;0;0
"252";"NO: Progress Party (FRP)";0,134757095896237;0,140465987215951;0,340639364646984;0,383435947189526;1538;0,278539896212504;121;1;0
"253";"NO: Refusal";0,181726332290191;0,200798598801099;0,387608601040938;0,443768558774675;1538;0,603409688035528;27;0;0
"254";"NO: Socialist Left Party (SV)";0,180953895128154;0,222442908110095;0,386836163878901;0,46541286808367;1538;0,231531988869319;61;0;1
"255";"PL: Civic Platform";0,160821051965875;0,186396269398429;0,303673601818512;0,345574781596587;1589;0,152271778795045;266;0;0
"256";"PL: did not vote";0,141913494048796;0,161668834897671;0,284766043901433;0,320847347095828;1589;0,147651581328945;386;0;0
"257";"PL: Don't know";0,134960007590877;0,149996362258628;0,277812557443514;0,309174874456785;1589;0,102741895196175;46;0;0
"258";"PL: KORWIN";0,141951443328092;0,158581633854595;0,284803993180729;0,317760146052752;1589;0,1909225940582;38;1;0
"259";"PL: Kukiz'15";0,127794833722251;0,149364725876772;0,270647383574888;0,30854323807493;1589;0,117785172188671;107;1;0
"260";"PL: Law and Justice";0,151602490514138;0,169715405472096;0,294455040366775;0,328893917670254;1589;0,166523810745035;436;0;0
"261";"PL: Modern Poland";0,185606955075681;0,215611404444824;0,328459504928318;0,374789916642982;1589;0,280552477174149;54;0;0
"262";"PL: not eligible: age";0,140779452072788;0,161780601195426;0,283632001925425;0,320959113393584;1589;0,114550890381577;86;0;0
"263";"PL: not eligible: other";0,157581282178609;0,185453987169178;0,300433832031246;0,344632499367335;1589;NA;1;0;0
"264";"PL: Other";0,157211092411274;0,182779068332059;0,300063642263911;0,341957580530217;1589;-0,5;3;0;0
"265";"PL: Polish Peasants' Party";0,13371613554306;0,152245157111317;0,276568685395697;0,311423669309475;1589;0,0417277135972184;39;0;0
"266";"PL: Refusal";0,140186486371657;0,161543734372793;0,283039036224294;0,32072224657095;1589;0,110217277484349;62;0;0
"267";"PL: Together Party";0,158451421176777;0,193858422741897;0,301303971029414;0,353036934940055;1589;-0,0957164339827116;12;0;0
"268";"PL: United Left";0,193603474541071;0,214918830217465;0,336456024393708;0,374097342415623;1589;0,349236168568491;53;0;0
"269";"PT: B.E. - Bloco de Esquerda";0,159375117827394;0,184574141068387;0,258605109748696;0,328273612107486;1228;0,249116667890314;62;0;1
"270";"PT: Blank";0,156011709097372;0,176083761861434;0,255241701018674;0,319783232900534;1228;0,112031980286978;30;0;0
"271";"PT: did not vote";0,130311453373984;0,144521555120048;0,229541445295287;0,288221026159147;1228;0,134963054239903;284;0;0
"272";"PT: Don't know";0,144835059310592;0,17155186199984;0,244065051231894;0,315251333038939;1228;0,156386221975777;51;0;0
"273";"PT: MPT - Partido da Terra";0,158703204670726;0,183224347114541;0,257933196592028;0,32692381815364;1228;1;2;0;1
"274";"PT: not eligible: age";0,16706850525193;0,196058612871814;0,266298497173232;0,339758083910914;1228;0,33907704096134;34;0;0
"275";"PT: not eligible: citizenship";0,162775310351401;0,194865537776545;0,262005302272703;0,338565008815644;1228;0,59282443435544;10;0;0
"276";"PT: not eligible: other";0,149957915162258;0,173772457865623;0,249187907083561;0,317471928904723;1228;0,206511643312258;7;0;0
"277";"PT: Other";0,145633572329814;0,175265167770343;0,244863564251116;0,318964638809442;1228;-0,0106501608403781;13;0;0
"278";"PT: PAN - Pessoas-Animais-Natureza";0,148326196892093;0,178830236272251;0,247556188813395;0,32252970731135;1228;0,218128144030167;11;0;1
"279";"PT: PCP-PEV - CDU - Coligação Democrática Unitária";0,148514045345645;0,167348927476928;0,247744037266947;0,311048398516027;1228;0,135358775337961;59;0;0
"280";"PT: PPD-PSD/CDS-PP - Portugal à Frente";0,117141494450029;0,144905164759263;0,216371486371331;0,288604635798362;1228;0,147055221158663;288;0;0
"281";"PT: PS - Partido Socialista";0,125738883478045;0,149641243241308;0,224968875399347;0,293340714280407;1228;0,157739348924339;277;0;0
"282";"PT: Refusal";0,163456999417618;0,179179989672989;0,26268699133892;0,322879460712088;1228;0,264701631468562;100;0;0
"283";"SE: Centern";0,143106653159248;0,168718035314559;0,301355592609696;0,357747453754618;1525;0,238357581556162;80;0;0
"284";"SE: did not vote";0,146673761715116;0,161087991107067;0,304922701165564;0,350117409547127;1525;0,172417652259086;97;0;0
"285";"SE: Don't know";0,155220783226608;0,179003154664446;0,313469722677056;0,368032573104506;1525;0,354675414217498;70;0;0
"286";"SE: FI (Feministiskt initiativ)";0,181001585912951;0,222308609542194;0,3392505253634;0,411338027982254;1525;0,0280267136253954;28;0;1
"287";"SE: Folkpartiet liberalerna";0,142395212523739;0,165555563729699;0,300644151974187;0,354584982169758;1525;0,157364248752848;77;0;0
"288";"SE: Kristdemokraterna";0,164968882197529;0,185343864411223;0,323217821647977;0,374373282851283;1525;0,239278114696315;43;0;0
"289";"SE: Miljöpartiet de gröna";0,194595712536683;0,235493589968129;0,352844651987131;0,424523008408189;1525;0,351887810519612;95;0;1
"290";"SE: Moderata samlingspartiet";0,121249555027222;0,130303271128482;0,279498494477671;0,319332689568542;1525;0,139309894259323;329;0;0
"291";"SE: not eligible: age";0,170548733861619;0,189496996152974;0,328797673312067;0,378526414593034;1525;0,260054383181591;58;0;0
"292";"SE: not eligible: citizenship";0,159203234132708;0,188067554944574;0,317452173583157;0,377096973384634;1525;0,0927889827001391;23;0;0
"293";"SE: not eligible: other";0,165532505336316;0,194002906726574;0,323781444786764;0,383032325166634;1525;0,759543855838665;6;0;0
"294";"SE: Other";0,156317798886189;0,180790189728466;0,314566738336637;0,369819608168526;1525;0,327034970083864;9;0;0
"295";"SE: Piratpartiet";0,145286529130253;0,165913062643181;0,303535468580701;0,354942481083241;1525;0,846153846153846;3;0;0
"296";"SE: Refusal";0,156731474812006;0,178863322096222;0,314980414262454;0,367892740536282;1525;0,51575311566217;21;0;0
"297";"SE: Socialdemokraterna";0,123323182638224;0,151635055451125;0,281572122088672;0,340664473891185;1525;0,162379018944416;414;0;0
"298";"SE: Sverigedemokraterna";0,0737902468298212;0,0723562634291232;0,232039186280269;0,261385681869183;1525;0,0211981807271989;93;1;0
"299";"SE: Vänsterpartiet";0,196769168357755;0,231786553010263;0,355018107808203;0,420815971450323;1525;0,34761537239985;79;0;1
"300";"SI: DESUS - Demokraticna stranka upokojencev Slovenije";0,153634774515158;0,17114820578276;0,262607667601907;0,304654279411707;1276;0,136678394622076;61;0;0
"301";"SI: did not vote";0,111909042980747;0,128253763842596;0,220881936067496;0,261759837471544;1276;0,0575431285160637;347;0;0
"302";"SI: Don't know";0,127646526588578;0,151616666102179;0,236619419675327;0,285122739731126;1276;0,0975256485977915;143;0;0
"303";"SI: not eligible: age";0,185761661032153;0,217577648788389;0,294734554118902;0,351083722417337;1276;0,36331629126399;70;0;0
"304";"SI: not eligible: citizenship";0,159070027576025;0,183829807827133;0,268042920662774;0,317335881456081;1276;0,141773391313899;11;0;0
"305";"SI: not eligible: other";0,150506510501244;0,169168052547572;0,259479403587993;0,30267412617652;1276;1;2;0;0
"306";"SI: NSI - Nova Slovenija – Kršcanski demokrati";0,147054739189608;0,168847509990658;0,256027632276357;0,302353583619605;1276;0,0178794393229925;41;0;0
"307";"SI: Other";0,168082881511485;0,19805612105061;0,277055774598234;0,331562194679558;1276;0,337951759683762;26;0;0
"308";"SI: PS - Pozitivna Slovenija";0,167622730816157;0,196847581785806;0,276595623902906;0,330353655414754;1276;0,195089789836125;14;0;0
"309";"SI: Refusal";0,146101972566825;0,174815375678028;0,255074865653574;0,308321449306976;1276;0,166777132509508;65;0;0
"310";"SI: SD - Socialni demokrati";0,151726523861584;0,179065065275818;0,260699416948333;0,312571138904765;1276;0,113379585222399;83;0;0
"311";"SI: SDS - Slovenska demokratska stranka";0,12106059453175;0,137881370122102;0,230033487618499;0,271387443751049;1276;0,0428408231629882;135;1;0
"312";"SI: SLS  - Slovenska ljudska stranka";0,148147557249321;0,158845654751752;0,25712045033607;0,2923517283807;1276;0,449602434254669;21;0;0
"313";"SI: SMC - Stranka Mira Cerarja";0,149031226231156;0,167860523849881;0,258004119317905;0,301366597478829;1276;0,108137694484255;230;0;0
"314";"SI: ZL - Združena levica (DSD, IDS in Stranka TRS)";0,158649152892648;0,19005117626828;0,267622045979397;0,323557249897228;1276;-0,181656000628928;27;0;1
